Term,P-value,Adjusted P-value,Combined Score,Genes,Library
Sensory Processing Of Sound By Inner Hair Cells Of Cochlea R-HSA-9662360,0.0006292667740133991,0.039643806762844146,146.18897916479884,WHRN;CDH23;SPTAN1,Reactome_2022
Selective Autophagy R-HSA-9663891,0.0004777604359734098,0.039643806762844146,167.39054801840658,IFT88;USP30;UBE2V1,Reactome_2022
Sensory Processing Of Sound By Outer Hair Cells Of Cochlea R-HSA-9662361,0.000315376219123607,0.039643806762844146,204.80261014345277,WHRN;CDH23;SPTAN1,Reactome_2022
Sensory Processing Of Sound R-HSA-9659379,0.0008746267241459595,0.04132611271589659,124.09147007242574,WHRN;CDH23;SPTAN1,Reactome_2022
Inner Ear Receptor Cell Development (GO:0060119),0.00016986300982591541,0.048315295014993626,1202.2517804391236,IFT88;WHRN,GO_Biological_Process_2023
Inner Ear Receptor Cell Stereocilium Organization (GO:0060122),0.000332063883264561,0.048315295014993626,739.4956618223716,IFT88;WHRN,GO_Biological_Process_2023
Aggrephagy R-HSA-9646399,0.001632124977335775,0.06169432414329229,242.22606459531664,IFT88;UBE2V1,Reactome_2022
Macroautophagy R-HSA-1632852,0.002909029312170023,0.09163442333335572,66.623626679358,IFT88;USP30;UBE2V1,Reactome_2022
Autophagy R-HSA-9612973,0.00403002265896121,0.10881061179195266,55.82028180525176,IFT88;USP30;UBE2V1,Reactome_2022
Ciliary Landscape WP4352,0.0019632612266863537,0.127611979734613,51.19558166720526,IFT88;WHRN;EXOC4;CDH23,WikiPathway_2023_Human
Glycosyl Compound Biosynthetic Process (GO:1901659),0.012438777192772534,0.13644338324598476,446.4379351400606,TYW1,GO_Biological_Process_2023
Proton-Transporting V-type ATPase Complex Assembly (GO:0070070),0.012438777192772534,0.13644338324598476,446.4379351400606,PIP4P1,GO_Biological_Process_2023
Regulation Of System Process (GO:0044057),0.012438777192772534,0.13644338324598476,446.4379351400606,MTG2,GO_Biological_Process_2023
Cellular Response To Cold (GO:0070417),0.012438777192772534,0.13644338324598476,446.4379351400606,EIF2AK4,GO_Biological_Process_2023
Pexophagy (GO:0000425),0.012438777192772534,0.13644338324598476,446.4379351400606,USP30,GO_Biological_Process_2023
Post-Transcriptional Regulation Of Gene Expression (GO:0010608),0.008955160836496808,0.13644338324598476,71.07225417227201,TCOF1;METTL16,GO_Biological_Process_2023
Sensory Perception (GO:0007600),0.00722250262714212,0.13644338324598476,83.43788300609687,WHRN;CDH23,GO_Biological_Process_2023
Neuron Projection Extension (GO:1990138),0.0042784069542198405,0.13644338324598476,122.3074073504305,NRN1;EIF2AK4,GO_Biological_Process_2023
Pre Implantation Embryo WP3527,0.00926028293931899,0.15819242340052905,69.30366021141536,FOSB;ATP1A1,WikiPathway_2023_Human
Biosynthesis And Turnover Of 1 Deoxy Sphingoid Bases WP5179,0.01982916145118511,0.15819242340052905,227.9549801512961,KDSR,WikiPathway_2023_Human
NAD Biosynthesis II From Tryptophan WP2485,0.01982916145118511,0.15819242340052905,227.9549801512961,NADSYN1,WikiPathway_2023_Human
Acquired Partial Lipodystrophy Barraquer Simons Syndrome WP5104,0.02472594881725805,0.15819242340052905,167.3010120823387,C3,WikiPathway_2023_Human
Interleukin 1 Induced Activation Of NF kB WP3656,0.02472594881725805,0.15819242340052905,167.3010120823387,UBE2V1,WikiPathway_2023_Human
Glyoxylate Metabolism WP5166,0.027165344857992397,0.15819242340052905,146.73452100035948,GOT2,WikiPathway_2023_Human
Arsenic Metabolism And Reactive Oxygen Species Generation WP5233,0.027165344857992397,0.15819242340052905,146.73452100035948,ATP1A1,WikiPathway_2023_Human
IDO Metabolic Pathway WP5414,0.027165344857992397,0.15819242340052905,146.73452100035948,GOT2,WikiPathway_2023_Human
Alanine And Aspartate Metabolism WP106,0.029598761568907096,0.15819242340052905,130.2147194065139,GOT2,WikiPathway_2023_Human
Diseases Of Mismatch Repair (MMR) R-HSA-5423599,0.012438777192772534,0.25615143882560154,446.4379351400606,PMS2,Reactome_2022
Activation Of C3 And C5 R-HSA-174577,0.014908284799373634,0.25615143882560154,342.3895623444841,C3,Reactome_2022
Synthesis Of Wybutosine At G37 Of tRNA(Phe) R-HSA-6782861,0.014908284799373634,0.25615143882560154,342.3895623444841,TYW1,Reactome_2022
"Phenylalanine, tyrosine and tryptophan biosynthesis",0.014908284799373634,0.35201953379775897,342.3895623444841,GOT2,KEGG_2021_Human
Proximal tubule bicarbonate reclamation,0.05597578058787951,0.35201953379775897,53.29235549319145,ATP1A1,KEGG_2021_Human
Protein export,0.05597578058787951,0.35201953379775897,53.29235549319145,SRPRB,KEGG_2021_Human
Mismatch repair,0.05597578058787951,0.35201953379775897,53.29235549319145,PMS2,KEGG_2021_Human
Arginine biosynthesis,0.05360719859925478,0.35201953379775897,56.67024999786951,GOT2,KEGG_2021_Human
Phenylalanine metabolism,0.04167665479123348,0.35201953379775897,80.79916728086499,GOT2,KEGG_2021_Human
Selenocompound metabolism,0.04167665479123348,0.35201953379775897,80.79916728086499,PAPSS1,KEGG_2021_Human
Herpes simplex virus 1 infection,0.03555791814513759,0.35201953379775897,11.426992083136296,C3;ZNF649;EIF2AK4;ZNF552,KEGG_2021_Human
Sulfur metabolism,0.02472594881725805,0.35201953379775897,167.3010120823387,PAPSS1,KEGG_2021_Human
Shigellosis,0.023572132192873366,0.35201953379775897,19.399981318373513,C3;UBE2V1;SEPTIN11,KEGG_2021_Human
Spermatogenesis,0.2875606166970605,0.39536815575105444,3.7613629045399737,IFT88,MSigDB_Hallmark_2020
Unfolded Protein Response,0.2469691364760274,0.39536815575105444,5.055262825364014,SRPRB,MSigDB_Hallmark_2020
Protein Secretion,0.2140587201245348,0.39536815575105444,6.5749903239841245,ATP1A1,MSigDB_Hallmark_2020
Myc Targets V2,0.13531385173981347,0.39536815575105444,14.246025949065045,TCOF1,MSigDB_Hallmark_2020
Coagulation,0.04668479582524246,0.39536815575105444,18.60195102232164,C3;CRIP2,MSigDB_Hallmark_2020
IL-2/STAT5 Signaling,0.08848582523399792,0.39536815575105444,10.130986600028606,ITGAE;COCH,MSigDB_Hallmark_2020
Angiogenesis,0.08624372197430759,0.39536815575105444,28.456712045041098,PGLYRP1,MSigDB_Hallmark_2020
UV Response Up,0.3277037968552589,0.39536815575105444,2.8703970097526006,FOSB,MSigDB_Hallmark_2020
Pancreas Beta Cells,0.09536409657552716,0.39536815575105444,24.485561288951835,SRPRB,MSigDB_Hallmark_2020
Apoptosis,0.33277361941321715,0.39536815575105444,2.7773973646136283,SPTAN1,MSigDB_Hallmark_2020
